FILE:,\\Remote-desktop\공용 폴더\프로젝트\산업부 알키미스트\가공데이터\표면조도\0801\0801표면조도평가곡선파일_S2800_F1150.CSV
PROPERTY:
,타이틀,
,부제,
,작성자,SV-2100M4
,작성일자,2025-08-01 오후 3:10:05
,변경일자,2025-08-01 오후 3:30:32
,갱신자,SV-2100M4
,개정번호,0
,측정시작 일자,2025-08-01 오후 3:12:06
,측정종료 일자,2025-08-01 오후 3:30:03

UNIT:,mm,μm
DECIMAL:,4,3

DATAAXIS:,X,Z,D
DATAUNIT:,mm,μm

PROFILENUM:,1

PROFILENO:,1
XPITCH:,0.0500000000000000
DATANUM:,1800
,0.100000000000000,-0.153221259570231,0
,0.150000000000000,-0.546359275019988,0
,0.200000000000000,0.507864929203561,0
,0.250000000000000,2.26723471666597,0
,0.300000000000000,3.45888345165558,0
,0.350000000000000,3.89712282110176,0
,0.400000000000000,3.40195906216075,0
,0.450000000000000,1.86169223231895,0
,0.500000000000000,-0.115191530074174,0
,0.550000000000000,-1.21210803295047,0
,0.600000000000000,-0.526938587143092,0
,0.650000000000000,1.18800884715531,0
,0.700000000000000,2.63958269503353,0
,0.750000000000000,3.39276697292152,0
,0.800000000000000,3.24404660696316,0
,0.850000000000000,2.05738469838146,0
,0.900000000000000,-0.0294660188898172,0
,0.950000000000000,-1.61312028269340,0
,1.00000000000000,-1.43410408534166,0
,1.05000000000000,0.0873592021396532,0
,1.10000000000000,1.68886870521390,0
,1.15000000000000,2.54389715340328,0
,1.20000000000000,2.55177736485884,0
,1.25000000000000,1.51547144082483,0
,1.30000000000000,-0.621453783150060,0
,1.35000000000000,-2.50600219859999,0
,1.40000000000000,-2.71144741379420,0
,1.45000000000000,-1.19544199208256,0
,1.50000000000000,0.790912853614380,0
,1.55000000000000,2.01981269818973,0
,1.60000000000000,2.31085415789207,0
,1.65000000000000,1.36480747739590,0
,1.70000000000000,-0.805364494990848,0
,1.75000000000000,-2.80406611166177,0
,1.80000000000000,-3.27328795489592,0
,1.85000000000000,-2.01678272198979,0
,1.90000000000000,-0.0856274207969266,0
,1.95000000000000,1.35320721855669,0
,2.00000000000000,2.04172894302757,0
,2.05000000000000,1.30177001210831,0
,2.10000000000000,-0.891825282111665,0
,2.15000000000000,-3.12270496050455,0
,2.20000000000000,-3.93449642564520,0
,2.25000000000000,-2.89963265289475,0
,2.30000000000000,-1.02489470219745,0
,2.35000000000000,0.431206926350297,0
,2.40000000000000,1.36178495876498,0
,2.45000000000000,1.22231533505201,0
,2.50000000000000,-0.382445231076939,0
,2.55000000000000,-2.47417824386850,0
,2.60000000000000,-3.55545505693744,0
,2.65000000000000,-2.88926253251638,0
,2.70000000000000,-1.34757351174710,0
,2.75000000000000,-0.162133939109616,0
,2.80000000000000,0.685874113925324,0
,2.85000000000000,0.892530047079825,0
,2.90000000000000,-0.237869263260590,0
,2.95000000000000,-2.32902414961681,0
,3.00000000000000,-3.78419850644057,0
,3.05000000000000,-3.45098915704422,0
,3.10000000000000,-1.82050697815079,0
,3.15000000000000,-0.182980514926289,0
,3.20000000000000,1.14698910044856,0
,3.25000000000000,1.96732377967959,0
,3.30000000000000,1.15077912388852,0
,3.35000000000000,-1.05377748241443,0
,3.40000000000000,-2.85465329295888,0
,3.45000000000000,-2.97600563764095,0
,3.50000000000000,-1.62833572012364,0
,3.55000000000000,0.00634006762826765,0
,3.60000000000000,1.29920889053425,0
,3.65000000000000,2.20755659573568,0
,3.70000000000000,1.74702512440179,0
,3.75000000000000,-0.304952521825096,0
,3.80000000000000,-2.39776332224160,0
,3.85000000000000,-3.05800934999011,0
,3.90000000000000,-2.01658580978185,0
,3.95000000000000,-0.282330317128688,0
,4.00000000000000,0.973544205734526,0
,4.05000000000000,1.82768133259214,0
,4.10000000000000,1.68634806120386,0
,4.15000000000000,-0.0332599007187405,0
,4.20000000000000,-2.17429150459886,0
,4.25000000000000,-3.05740643889924,0
,4.30000000000000,-2.15326614514733,0
,4.35000000000000,-0.544940172972957,0
,4.40000000000000,0.653961319511981,0
,4.45000000000000,1.68360989327622,0
,4.50000000000000,2.01886001641037,0
,4.55000000000000,0.756316323272988,0
,4.60000000000000,-1.34817891842351,0
,4.65000000000000,-2.63232685693301,0
,4.70000000000000,-2.20195185284753,0
,4.75000000000000,-0.861825992885916,0
,4.80000000000000,0.199457662119084,0
,4.85000000000000,1.23334585059186,0
,4.90000000000000,2.05836827048635,0
,4.95000000000000,1.41174778283012,0
,5.00000000000000,-0.635348873190891,0
,5.05000000000000,-2.38596096672580,0
,5.10000000000000,-2.48851457013760,0
,5.15000000000000,-1.25820228560469,0
,5.20000000000000,0.0887861163306214,0
,5.25000000000000,1.27001649748220,0
,5.30000000000000,2.25637784735605,0
,5.35000000000000,1.88528755560791,0
,5.40000000000000,-0.0101347891841698,0
,5.45000000000000,-1.86971078261414,0
,5.50000000000000,-2.31174950769674,0
,5.55000000000000,-1.26143433077015,0
,5.60000000000000,0.159131556135152,0
,5.65000000000000,1.25179579826729,0
,5.70000000000000,2.11698455288230,0
,5.75000000000000,1.96315309797979,0
,5.80000000000000,0.374179290683994,0
,5.85000000000000,-1.52719409613282,0
,5.90000000000000,-2.25336235091015,0
,5.95000000000000,-1.36793309348724,0
,6.00000000000000,-0.00196318701061462,0
,6.05000000000000,0.830302747594493,0
,6.10000000000000,1.51067730954738,0
,6.15000000000000,1.77830403654860,0
,6.20000000000000,0.809894913221736,0
,6.25000000000000,-1.07464347465138,0
,6.30000000000000,-2.23567377189153,0
,6.35000000000000,-1.64233799431332,0
,6.40000000000000,-0.218571062347812,0
,6.45000000000000,0.801874911555650,0
,6.50000000000000,1.74197840769975,0
,6.55000000000000,2.53397319862281,0
,6.60000000000000,2.00529902670127,0
,6.65000000000000,0.107609508185751,0
,6.70000000000000,-1.50638968395414,0
,6.75000000000000,-1.51089014747768,0
,6.80000000000000,-0.349053393040690,0
,6.85000000000000,0.772798736586621,0
,6.90000000000000,1.85877049877721,0
,6.95000000000000,2.84638854148700,0
,7.00000000000000,2.46922306796993,0
,7.05000000000000,0.570032200509751,0
,7.10000000000000,-1.28527103139025,0
,7.15000000000000,-1.71803788420004,0
,7.20000000000000,-0.708044861793377,0
,7.25000000000000,0.659110443903029,0
,7.30000000000000,1.71728578035995,0
,7.35000000000000,2.55698918671095,0
,7.40000000000000,2.46325769216786,0
,7.45000000000000,1.02041946937464,0
,7.50000000000000,-0.865566074704131,0
,7.55000000000000,-1.65451088504824,0
,7.60000000000000,-0.852938696542657,0
,7.65000000000000,0.428040559354326,0
,7.70000000000000,1.28607702880778,0
,7.75000000000000,2.02386450072644,0
,7.80000000000000,2.19081788763403,0
,7.85000000000000,1.05367015560070,0
,7.90000000000000,-0.829490205309145,0
,7.95000000000000,-1.92832130354581,0
,8.00000000000000,-1.39547610287393,0
,8.05000000000000,-0.144858639706467,0
,8.10000000000000,0.695968459010742,0
,8.15000000000000,1.47453929908801,0
,8.20000000000000,1.98835667198584,0
,8.25000000000000,1.19498229972762,0
,8.30000000000000,-0.784367621357329,0
,8.35000000000000,-2.31811484823895,0
,8.40000000000000,-2.14241033643240,0
,8.45000000000000,-0.897319844306927,0
,8.50000000000000,0.169465949748125,0
,8.55000000000000,1.21208606927799,0
,8.60000000000000,2.14852604132429,0
,8.65000000000000,1.67940656520244,0
,8.70000000000000,-0.284056202466608,0
,8.75000000000000,-2.05247246324151,0
,8.80000000000000,-2.28243040852795,0
,8.85000000000000,-1.27736858721625,0
,8.90000000000000,-0.143485358814898,0
,8.95000000000000,0.939247825914079,0
,9.00000000000000,1.94304867136715,0
,9.05000000000000,1.77819091074179,0
,9.10000000000000,0.165584490772181,0
,9.15000000000000,-1.62255188893960,0
,9.20000000000000,-2.18996954958557,0
,9.25000000000000,-1.28617829639151,0
,9.30000000000000,0.0407681186692577,0
,9.35000000000000,1.11062779259407,0
,9.40000000000000,2.08063832485417,0
,9.45000000000000,2.24543354593033,0
,9.50000000000000,1.06542617288648,0
,9.55000000000000,-0.716384500971717,0
,9.60000000000000,-1.62394790813149,0
,9.65000000000000,-0.975199172543202,0
,9.70000000000000,0.237238579926597,0
,9.75000000000000,1.04600492112798,0
,9.80000000000000,1.81732696214880,0
,9.85000000000000,2.21585051819066,0
,9.90000000000000,1.36034112071266,0
,9.95000000000000,-0.431243844130834,0
,10.0000000000000,-1.64695569397636,0
,10.0500000000000,-1.33587925484679,0
,10.1000000000000,-0.305283509590835,0
,10.1500000000000,0.438664171583300,0
,10.2000000000000,1.32957239000708,0
,10.2500000000000,2.18787436330397,0
,10.3000000000000,1.71600468873796,0
,10.3500000000000,-0.138973970413926,0
,10.4000000000000,-1.64213672635365,0
,10.4500000000000,-1.54820466969172,0
,10.5000000000000,-0.530873313518605,0
,10.5500000000000,0.330211105533599,0
,10.6000000000000,1.37563926223428,0
,10.6500000000000,2.46903127182265,0
,10.7000000000000,2.13038788901167,0
,10.7500000000000,0.229109996124346,0
,10.8000000000000,-1.56189042890315,0
,10.8500000000000,-1.85491445322098,0
,10.9000000000000,-0.870257743405867,0
,10.9500000000000,0.285885330563593,0
,11.0000000000000,1.37284809541940,0
,11.0500000000000,2.36711204785344,0
,11.1000000000000,2.21263013485758,0
,11.1500000000000,0.605506705177551,0
,11.2000000000000,-1.23181204207610,0
,11.2500000000000,-1.85029713125037,0
,11.3000000000000,-1.04598980564603,0
,11.3500000000000,0.0805917155041160,0
,11.4000000000000,0.985062966171902,0
,11.4500000000000,1.86827026817144,0
,11.5000000000000,1.90934734375384,0
,11.5500000000000,0.429364179897154,0
,11.6000000000000,-1.52662808102890,0
,11.6500000000000,-2.39361492035692,0
,11.7000000000000,-1.65495558525707,0
,11.7500000000000,-0.298693712998149,0
,11.8000000000000,0.640208710315067,0
,11.8500000000000,1.41987607976250,0
,11.9000000000000,1.65123338667677,0
,11.9500000000000,0.456908480339773,0
,12.0000000000000,-1.55398887182703,0
,12.0500000000000,-2.72732919880610,0
,12.1000000000000,-2.25667435734471,0
,12.1500000000000,-1.08589050688675,0
,12.2000000000000,-0.258049080022590,0
,12.2500000000000,0.696562841847913,0
,12.3000000000000,1.61703722230645,0
,12.3500000000000,1.11022626938941,0
,12.4000000000000,-0.846495607423051,0
,12.4500000000000,-2.44194917033678,0
,12.5000000000000,-2.37857138944240,0
,12.5500000000000,-1.29448147047690,0
,12.6000000000000,-0.341212660476754,0
,12.6500000000000,0.816332765884905,0
,12.7000000000000,2.07614960633935,0
,12.7500000000000,1.85112855043393,0
,12.8000000000000,-0.0689061784253632,0
,12.8500000000000,-1.98143883525328,0
,12.9000000000000,-2.39231380247117,0
,12.9500000000000,-1.31010960008910,0
,13.0000000000000,0.113716128054941,0
,13.0500000000000,1.32123590459961,0
,13.1000000000000,2.32148162727902,0
,13.1500000000000,2.13661246231585,0
,13.2000000000000,0.430930830018825,0
,13.2500000000000,-1.49512846743008,0
,13.3000000000000,-2.17439158460461,0
,13.3500000000000,-1.36582838771097,0
,13.4000000000000,-0.164553959274770,0
,13.4500000000000,0.773911185755843,0
,13.5000000000000,1.77058625337432,0
,13.5500000000000,2.13978952599752,0
,13.6000000000000,0.984353987490725,0
,13.6500000000000,-0.964703870200342,0
,13.7000000000000,-1.98389515436637,0
,13.7500000000000,-1.30302909336792,0
,13.8000000000000,0.00898981675816009,0
,13.8500000000000,0.871271099315716,0
,13.9000000000000,1.72213545464790,0
,13.9500000000000,2.24081780182863,0
,14.0000000000000,1.33372133914766,0
,14.0500000000000,-0.647245642359882,0
,14.1000000000000,-2.03227310755610,0
,14.1500000000000,-1.74917019822324,0
,14.2000000000000,-0.580404140466761,0
,14.2500000000000,0.347716917023660,0
,14.3000000000000,1.48468167158075,0
,14.3500000000000,2.61646308637335,0
,14.4000000000000,2.19219233102562,0
,14.4500000000000,0.223288805033693,0
,14.5000000000000,-1.46263569145055,0
,14.5500000000000,-1.57197033517962,0
,14.6000000000000,-0.616810112548552,0
,14.6500000000000,0.311220313784471,0
,14.7000000000000,1.40296808957925,0
,14.7500000000000,2.60373775684340,0
,14.8000000000000,2.50350830595652,0
,14.8500000000000,0.849445028725204,0
,14.9000000000000,-0.927341555320203,0
,14.9500000000000,-1.41718467879924,0
,15.0000000000000,-0.644280290959823,0
,15.0500000000000,0.266107971033950,0
,15.1000000000000,1.09535594422596,0
,15.1500000000000,2.01911540167533,0
,15.2000000000000,2.04788603211492,0
,15.2500000000000,0.568937262614653,0
,15.3000000000000,-1.34322594250598,0
,15.3500000000000,-2.15430114715075,0
,15.4000000000000,-1.44082155276783,0
,15.4500000000000,-0.296302561086401,0
,15.5000000000000,0.450818782659511,0
,15.5500000000000,1.29336879808784,0
,15.6000000000000,1.70425986320780,0
,15.6500000000000,0.589966334658546,0
,15.7000000000000,-1.41084782572572,0
,15.7500000000000,-2.57959503762397,0
,15.8000000000000,-2.11196743867734,0
,15.8500000000000,-1.00835787360207,0
,15.9000000000000,-0.260232191354377,0
,15.9500000000000,0.768233269709623,0
,16.0000000000000,1.74484487521228,0
,16.0500000000000,1.07995962616388,0
,16.1000000000000,-0.994855521958332,0
,16.1500000000000,-2.59765384535919,0
,16.2000000000000,-2.53759145345878,0
,16.2500000000000,-1.51682937201991,0
,16.3000000000000,-0.710173438298686,0
,16.3500000000000,0.381454906786709,0
,16.4000000000000,1.66966991303665,0
,16.4500000000000,1.43923965049084,0
,16.5000000000000,-0.490234549288841,0
,16.5500000000000,-2.34342964767454,0
,16.6000000000000,-2.70087930169415,0
,16.6500000000000,-1.83519852449071,0
,16.7000000000000,-0.845082772551248,0
,16.7500000000000,0.265070009355501,0
,16.8000000000000,1.53625174184378,0
,16.8500000000000,1.59115604108448,0
,16.9000000000000,-0.0203543649976460,0
,16.9500000000000,-1.84337314617670,0
,17.0000000000000,-2.41486544439667,0
,17.0500000000000,-1.71386080499471,0
,17.1000000000000,-0.802402285642725,0
,17.1500000000000,0.0386522695990354,0
,17.2000000000000,1.09246453395506,0
,17.2500000000000,1.45442630237844,0
,17.3000000000000,0.273264246461257,0
,17.3500000000000,-1.59716922894645,0
,17.4000000000000,-2.48053116787795,0
,17.4500000000000,-1.75999939496328,0
,17.5000000000000,-0.487296310495355,0
,17.5500000000000,0.425257114146744,0
,17.6000000000000,1.41607111310798,0
,17.6500000000000,2.11811394769645,0
,17.7000000000000,1.37083388382212,0
,17.7500000000000,-0.580980188842138,0
,17.8000000000000,-1.93367741023319,0
,17.8500000000000,-1.56690421669328,0
,17.9000000000000,-0.425213343508745,0
,17.9500000000000,0.365215024278572,0
,18.0000000000000,1.46248005398413,0
,18.0500000000000,2.70245802056577,0
,18.1000000000000,2.40356543764520,0
,18.1500000000000,0.474474503963227,0
,18.2000000000000,-1.24164832826478,0
,18.2500000000000,-1.38473691549906,0
,18.3000000000000,-0.537612188296130,0
,18.3500000000000,0.206448092169116,0
,18.4000000000000,1.24437422545318,0
,18.4500000000000,2.53252676632757,0
,18.5000000000000,2.42471448221533,0
,18.5500000000000,0.591825733493359,0
,18.6000000000000,-1.30069280933473,0
,18.6500000000000,-1.79474504434252,0
,18.7000000000000,-0.943991096519049,0
,18.7500000000000,0.171722542718259,0
,18.8000000000000,1.20383940369091,0
,18.8500000000000,2.27052626602435,0
,18.9000000000000,2.28531031475792,0
,18.9500000000000,0.702801612169090,0
,19.0000000000000,-1.22866225857366,0
,19.0500000000000,-2.00035021221346,0
,19.1000000000000,-1.25448337873716,0
,19.1500000000000,-0.0558269275519670,0
,19.2000000000000,0.830963184249142,0
,19.2500000000000,1.82278972700960,0
,19.3000000000000,2.37453998747712,0
,19.3500000000000,1.46088112566919,0
,19.4000000000000,-0.355269638674666,0
,19.4500000000000,-1.42067932225447,0
,19.5000000000000,-0.995873809224188,0
,19.5500000000000,-0.0762541784314921,0
,19.6000000000000,0.538139815781586,0
,19.6500000000000,1.52217756204566,0
,19.7000000000000,2.47313581417163,0
,19.7500000000000,1.80048312054732,0
,19.8000000000000,-0.220533053538821,0
,19.8500000000000,-1.64602018356959,0
,19.9000000000000,-1.42209931284254,0
,19.9500000000000,-0.446417932559459,0
,20.0000000000000,0.243946087834866,0
,20.0500000000000,1.28053398526712,0
,20.1000000000000,2.45189390736217,0
,20.1500000000000,2.02733369648683,0
,20.2000000000000,-0.0122829328929004,0
,20.2500000000000,-1.80426467928227,0
,20.3000000000000,-2.01006842893614,0
,20.3500000000000,-1.13575269424581,0
,20.4000000000000,-0.300795429450727,0
,20.4500000000000,0.821297775191611,0
,20.5000000000000,2.19253975022690,0
,20.5500000000000,2.18847970735788,0
,20.6000000000000,0.480922550404219,0
,20.6500000000000,-1.37607176742453,0
,20.7000000000000,-1.93534865742648,0
,20.7500000000000,-1.27313608133371,0
,20.8000000000000,-0.431554209598367,0
,20.8500000000000,0.503770410680214,0
,20.9000000000000,1.66992395584063,0
,20.9500000000000,1.86706232615687,0
,21.0000000000000,0.362433214926447,0
,21.0500000000000,-1.68602459170187,0
,21.1000000000000,-2.58866036053806,0
,21.1500000000000,-1.84973208155315,0
,21.2000000000000,-0.592760381388574,0
,21.2500000000000,0.299598258707402,0
,21.3000000000000,1.33952210802107,0
,21.3500000000000,1.86564630536314,0
,21.4000000000000,0.624554639447324,0
,21.4500000000000,-1.47547646340066,0
,21.5000000000000,-2.67060976862397,0
,21.5500000000000,-2.25450895066654,0
,21.6000000000000,-1.15846844913815,0
,21.6500000000000,-0.362622772311598,0
,21.7000000000000,0.732625154479201,0
,21.7500000000000,1.70762142922486,0
,21.8000000000000,0.904931756242764,0
,21.8500000000000,-1.27397926752594,0
,21.9000000000000,-2.81422679169208,0
,21.9500000000000,-2.62442322225553,0
,22.0000000000000,-1.56154405037526,0
,22.0500000000000,-0.733592082411522,0
,22.1000000000000,0.378404479119357,0
,22.1500000000000,1.54915039223077,0
,22.2000000000000,1.09252285310454,0
,22.2500000000000,-1.02924804418206,0
,22.3000000000000,-2.96541268190245,0
,22.3500000000000,-3.27007399224649,0
,22.4000000000000,-2.21827444756115,0
,22.4500000000000,-0.981461921184305,0
,22.5000000000000,0.237528596724173,0
,22.5500000000000,1.45931453901008,0
,22.6000000000000,1.38677881101276,0
,22.6500000000000,-0.433507292543694,0
,22.7000000000000,-2.45454746644602,0
,22.7500000000000,-3.14509765750458,0
,22.8000000000000,-2.42156779334218,0
,22.8500000000000,-1.34239393647919,0
,22.9000000000000,-0.353485205740821,0
,22.9500000000000,0.840361271227793,0
,23.0000000000000,1.28367568340178,0
,23.0500000000000,0.0415223748194992,0
,23.1000000000000,-1.88837336791091,0
,23.1500000000000,-2.84444950278596,0
,23.2000000000000,-2.26149476567420,0
,23.2500000000000,-1.11598881033197,0
,23.3000000000000,-0.295877986464249,0
,23.3500000000000,0.759507255959439,0
,23.4000000000000,1.67700999726934,0
,23.4500000000000,0.996153986699159,0
,23.5000000000000,-1.00488929732940,0
,23.5500000000000,-2.42266181336765,0
,23.6000000000000,-2.10629100980182,0
,23.6500000000000,-0.902358735394875,0
,23.7000000000000,0.0470683224782450,0
,23.7500000000000,1.31228874579410,0
,23.8000000000000,2.72299329263770,0
,23.8500000000000,2.53005737119627,0
,23.9000000000000,0.610659482411880,0
,23.9500000000000,-1.15087481426671,0
,24.0000000000000,-1.37515443325731,0
,24.0500000000000,-0.691526297284593,0
,24.1000000000000,-0.163797811602592,0
,24.1500000000000,0.792993801863101,0
,24.2000000000000,2.14862322755575,0
,24.2500000000000,2.25495509647868,0
,24.3000000000000,0.702020501287780,0
,24.3500000000000,-1.03508440633523,0
,24.4000000000000,-1.51391832634078,0
,24.4500000000000,-0.836448945117921,0
,24.5000000000000,0.00241945866857988,0
,24.5500000000000,0.963117380404646,0
,24.6000000000000,2.17840104395217,0
,24.6500000000000,2.52708540389365,0
,24.7000000000000,1.30684152744286,0
,24.7500000000000,-0.432942295087939,0
,24.8000000000000,-1.13025954143042,0
,24.8500000000000,-0.515647038769351,0
,24.9000000000000,0.325162015158650,0
,24.9500000000000,0.974839334539269,0
,25.0000000000000,2.06372485309195,0
,25.0500000000000,2.91372220496192,0
,25.1000000000000,2.16185291197201,0
,25.1500000000000,0.300167028097875,0
,25.2000000000000,-0.834831356836714,0
,25.2500000000000,-0.455549513408008,0
,25.3000000000000,0.356234854964695,0
,25.3500000000000,0.797199511792271,0
,25.4000000000000,1.73519352394898,0
,25.4500000000000,2.84188647439589,0
,25.5000000000000,2.35400917804285,0
,25.5500000000000,0.393161221853939,0
,25.6000000000000,-1.07813552938829,0
,25.6500000000000,-0.925777682305256,0
,25.7000000000000,-0.0373980470207411,0
,25.7500000000000,0.526582901431961,0
,25.8000000000000,1.47191444551743,0
,25.8500000000000,2.73178390724390,0
,25.9000000000000,2.58996498739812,0
,25.9500000000000,0.809332037168225,0
,26.0000000000000,-0.886711747333098,0
,26.0500000000000,-1.18785982689324,0
,26.1000000000000,-0.592495764505146,0
,26.1500000000000,-0.0750968281605983,0
,26.2000000000000,0.833122327983963,0
,26.2500000000000,2.16652461073500,0
,26.3000000000000,2.38056277359349,0
,26.3500000000000,0.950074489959226,0
,26.4000000000000,-0.751941946124795,0
,26.4500000000000,-1.29452338963694,0
,26.5000000000000,-0.907792890461268,0
,26.5500000000000,-0.560856333810201,0
,26.6000000000000,0.0743397293263878,0
,26.6500000000000,1.24859354973932,0
,26.7000000000000,1.75260144526383,0
,26.7500000000000,0.691363586459937,0
,26.8000000000000,-1.07235777501123,0
,26.8500000000000,-1.87689073451255,0
,26.9000000000000,-1.29939064892436,0
,26.9500000000000,-0.432185082078682,0
,27.0000000000000,0.182849989924207,0
,27.0500000000000,1.20330911711246,0
,27.1000000000000,1.93949775865814,0
,27.1500000000000,0.932301533921252,0
,27.2000000000000,-1.05741744307130,0
,27.2500000000000,-2.19092656050279,0
,27.3000000000000,-1.82494172996590,0
,27.3500000000000,-1.00986405340952,0
,27.4000000000000,-0.540214364007489,0
,27.4500000000000,0.502109533833626,0
,27.5000000000000,1.81240395749044,0
,27.5500000000000,1.48726438362426,0
,27.6000000000000,-0.425794252723266,0
,27.6500000000000,-1.97330550183087,0
,27.7000000000000,-1.97318200026401,0
,27.7500000000000,-1.28330910436233,0
,27.8000000000000,-0.902205704253212,0
,27.8500000000000,0.0289594433082138,0
,27.9000000000000,1.39174269815191,0
,27.9500000000000,1.32381972958329,0
,28.0000000000000,-0.473271552381007,0
,28.0500000000000,-2.27939092800391,0
,28.1000000000000,-2.67748510883404,0
,28.1500000000000,-1.99938160638412,0
,28.2000000000000,-1.33065601236083,0
,28.2500000000000,-0.391430838913591,0
,28.3000000000000,1.04736428944667,0
,28.3500000000000,1.60924810178346,0
,28.4000000000000,0.483288876649733,0
,28.4500000000000,-1.16746373484795,0
,28.5000000000000,-1.80342997977686,0
,28.5500000000000,-1.38526588618694,0
,28.6000000000000,-0.892313405585707,0
,28.6500000000000,-0.274658778491872,0
,28.7000000000000,0.991241464453075,0
,28.7500000000000,1.99326016194976,0
,28.8000000000000,1.42688641126549,0
,28.8500000000000,-0.220612655652020,0
,28.9000000000000,-1.16906395215465,0
,28.9500000000000,-0.821992754120844,0
,29.0000000000000,-0.216907655813473,0
,29.0500000000000,0.206316201832455,0
,29.1000000000000,1.20362574674301,0
,29.1500000000000,2.30459668348067,0
,29.2000000000000,1.91946290296562,0
,29.2500000000000,0.143411042525913,0
,29.3000000000000,-1.17536763288111,0
,29.3500000000000,-1.03148033194532,0
,29.4000000000000,-0.381124795718794,0
,29.4500000000000,-0.0218558872773497,0
,29.5000000000000,1.02458450407956,0
,29.5500000000000,2.52018885572566,0
,29.6000000000000,2.43834597932379,0
,29.6500000000000,0.627677920841773,0
,29.7000000000000,-1.00374532153983,0
,29.7500000000000,-1.20209789318266,0
,29.8000000000000,-0.693926783311903,0
,29.8500000000000,-0.391650614865050,0
,29.9000000000000,0.548850584150531,0
,29.9500000000000,2.05324213964073,0
,30.0000000000000,2.30405237099847,0
,30.0500000000000,0.872692778176904,0
,30.1000000000000,-0.739434236681264,0
,30.1500000000000,-1.16009024205362,0
,30.2000000000000,-0.761293505388202,0
,30.2500000000000,-0.448729013625487,0
,30.3000000000000,0.327216956273122,0
,30.3500000000000,1.71332806682781,0
,30.4000000000000,2.29083268999682,0
,30.4500000000000,1.18722832589965,0
,30.5000000000000,-0.515585261843882,0
,30.5500000000000,-1.25287141639609,0
,30.6000000000000,-0.920200883928374,0
,30.6500000000000,-0.454246152126342,0
,30.7000000000000,0.132940624118074,0
,30.7500000000000,1.39284589870776,0
,30.8000000000000,2.45131678537264,0
,30.8500000000000,1.84257348015109,0
,30.9000000000000,0.0540611718099353,0
,30.9500000000000,-1.10684862728563,0
,31.0000000000000,-0.977205263724168,0
,31.0500000000000,-0.554364743779627,0
,31.1000000000000,-0.249449820606215,0
,31.1500000000000,0.818873566140381,0
,31.2000000000000,2.14878822285478,0
,31.2500000000000,1.88216950138287,0
,31.3000000000000,0.0146922736904576,0
,31.3500000000000,-1.52544037577295,0
,31.4000000000000,-1.55020170620089,0
,31.4500000000000,-0.900974281123394,0
,31.5000000000000,-0.497404170594243,0
,31.5500000000000,0.506665757542523,0
,31.6000000000000,1.84598836081501,0
,31.6500000000000,1.56791085969926,0
,31.7000000000000,-0.389769980302020,0
,31.7500000000000,-2.14815578783757,0
,31.8000000000000,-2.44804216054762,0
,31.8500000000000,-1.81752995305210,0
,31.9000000000000,-1.26623729170492,0
,31.9500000000000,-0.303356044252239,0
,32.0000000000000,1.10369432745989,0
,32.0500000000000,1.28499525022374,0
,32.1000000000000,-0.312042579240584,0
,32.1500000000000,-2.13158399300710,0
,32.2000000000000,-2.68007220942995,0
,32.2500000000000,-2.14757965829916,0
,32.3000000000000,-1.52685837575591,0
,32.3500000000000,-0.707608877142376,0
,32.4000000000000,0.673501148903307,0
,32.4500000000000,1.51996999107441,0
,32.5000000000000,0.665462230792455,0
,32.5500000000000,-1.12686096874144,0
,32.6000000000000,-2.04042982492165,0
,32.6500000000000,-1.52122149669018,0
,32.7000000000000,-0.699193959805387,0
,32.7500000000000,-0.117885960710197,0
,32.8000000000000,1.07353013304964,0
,32.8500000000000,2.33816179034227,0
,32.9000000000000,1.89690087283645,0
,32.9500000000000,-0.0293380686791839,0
,33.0000000000000,-1.42745412366112,0
,33.0500000000000,-1.24908637158407,0
,33.1000000000000,-0.470284715738308,0
,33.1500000000000,0.0457640140192645,0
,33.2000000000000,1.23534745394345,0
,33.2500000000000,2.89964105497841,0
,33.3000000000000,2.91209491285940,0
,33.3500000000000,1.03631902771913,0
,33.4000000000000,-0.739726212498357,0
,33.4500000000000,-1.01976293485305,0
,33.5000000000000,-0.497993819568392,0
,33.5500000000000,-0.173762896965675,0
,33.6000000000000,0.745070913425886,0
,33.6500000000000,2.31716041271772,0
,33.7000000000000,2.70488670065017,0
,33.7500000000000,1.23916043093562,0
,33.8000000000000,-0.569806772475997,0
,33.8500000000000,-1.17859234882610,0
,33.9000000000000,-0.766803205954181,0
,33.9500000000000,-0.299774066635799,0
,34.0000000000000,0.530481281078921,0
,34.0500000000000,1.93563532113843,0
,34.1000000000000,2.48169749809333,0
,34.1500000000000,1.23770969284763,0
,34.2000000000000,-0.622812921159328,0
,34.2500000000000,-1.47838587514730,0
,34.3000000000000,-1.20997177536955,0
,34.3500000000000,-0.788545145355699,0
,34.4000000000000,-0.191750790102956,0
,34.4500000000000,1.20286209085071,0
,34.5000000000000,2.33532908746263,0
,34.5500000000000,1.55839776504591,0
,34.6000000000000,-0.403044116853237,0
,34.6500000000000,-1.58832766945301,0
,34.7000000000000,-1.36429358213414,0
,34.7500000000000,-0.768604777017641,0
,34.8000000000000,-0.356210177123329,0
,34.8500000000000,0.842884815656453,0
,34.9000000000000,2.28690560463315,0
,34.9500000000000,1.92318018257993,0
,35.0000000000000,-0.0664278922940215,0
,35.0500000000000,-1.63169443270979,0
,35.1000000000000,-1.64053242633905,0
,35.1500000000000,-1.00212041905391,0
,35.2000000000000,-0.605477615223815,0
,35.2500000000000,0.510800785970215,0
,35.3000000000000,2.07680259518659,0
,35.3500000000000,1.99540612966202,0
,35.4000000000000,0.110111266330601,0
,35.4500000000000,-1.68451087537201,0
,35.5000000000000,-2.02408823438224,0
,35.5500000000000,-1.47911913394859,0
,35.6000000000000,-1.02609560103139,0
,35.6500000000000,-0.0172579760813196,0
,35.7000000000000,1.63993925535641,0
,35.7500000000000,2.13255021365224,0
,35.8000000000000,0.654383673299125,0
,35.8500000000000,-1.22129056731393,0
,35.9000000000000,-1.87890543220324,0
,35.9500000000000,-1.55740556947418,0
,36.0000000000000,-1.22378830900037,0
,36.0500000000000,-0.479309128984729,0
,36.1000000000000,0.989289981626784,0
,36.1500000000000,1.71250747275876,0
,36.2000000000000,0.540627151894199,0
,36.2500000000000,-1.36535068845494,0
,36.3000000000000,-2.24184683321696,0
,36.3500000000000,-1.87568914226222,0
,36.4000000000000,-1.28486979337169,0
,36.4500000000000,-0.758146763089921,0
,36.5000000000000,0.525418042964395,0
,36.5500000000000,1.70779330068990,0
,36.6000000000000,0.835193165645919,0
,36.6500000000000,-1.26818874661864,0
,36.7000000000000,-2.54197639281784,0
,36.7500000000000,-2.26406472984404,0
,36.8000000000000,-1.42555991931518,0
,36.8500000000000,-0.902829511098306,0
,36.9000000000000,0.281143166529918,0
,36.9500000000000,1.85821250045151,0
,37.0000000000000,1.66394351402113,0
,37.0500000000000,-0.295751298063182,0
,37.1000000000000,-1.93661803484988,0
,37.1500000000000,-2.06572380156371,0
,37.2000000000000,-1.43616646831351,0
,37.2500000000000,-0.993615996317773,0
,37.3000000000000,0.0711063344429732,0
,37.3500000000000,1.71958067480604,0
,37.4000000000000,1.91932953730356,0
,37.4500000000000,0.152928437173501,0
,37.5000000000000,-1.72220190757919,0
,37.5500000000000,-2.19987483429651,0
,37.6000000000000,-1.65296100206323,0
,37.6500000000000,-1.03948248044957,0
,37.7000000000000,-0.0354467724962002,0
,37.7500000000000,1.55206107306163,0
,37.8000000000000,2.15213620164694,0
,37.8500000000000,0.818325503189658,0
,37.9000000000000,-1.04494848398852,0
,37.9500000000000,-1.78896889368204,0
,38.0000000000000,-1.38857121098306,0
,38.0500000000000,-0.865924251343603,0
,38.1000000000000,-0.203537797533574,0
,38.1500000000000,1.13863333958115,0
,38.2000000000000,2.19942556642021,0
,38.2500000000000,1.56714734599812,0
,38.3000000000000,-0.217872664816052,0
,38.3500000000000,-1.33526000289801,0
,38.4000000000000,-1.14144542300684,0
,38.4500000000000,-0.620096353777855,0
,38.5000000000000,-0.237098392617174,0
,38.5500000000000,0.957018567963978,0
,38.6000000000000,2.43889878646347,0
,38.6500000000000,2.18130087896547,0
,38.7000000000000,0.262007930736493,0
,38.7500000000000,-1.26320753044542,0
,38.8000000000000,-1.24276062669986,0
,38.8500000000000,-0.593766165317697,0
,38.9000000000000,-0.209141302774651,0
,38.9500000000000,0.927129198877938,0
,39.0000000000000,2.62480396744451,0
,39.0500000000000,2.70374094271399,0
,39.1000000000000,0.915681075940474,0
,39.1500000000000,-0.839831093663566,0
,39.2000000000000,-1.23514680776358,0
,39.2500000000000,-0.857262855057335,0
,39.3000000000000,-0.611226801491611,0
,39.3500000000000,0.287152562444468,0
,39.4000000000000,1.83139427082762,0
,39.4500000000000,2.20495507948581,0
,39.5000000000000,0.798454555992907,0
,39.5500000000000,-0.916214242807433,0
,39.6000000000000,-1.46785532942842,0
,39.6500000000000,-1.18499533523136,0
,39.7000000000000,-1.00875333739208,0
,39.7500000000000,-0.344207407018472,0
,39.8000000000000,1.09496910988446,0
,39.8500000000000,1.83060477870383,0
,39.9000000000000,0.753577460815301,0
,39.9500000000000,-1.09448515489988,0
,40.0000000000000,-1.99412545746340,0
,40.0500000000000,-1.76875965186844,0
,40.1000000000000,-1.42218397058740,0
,40.1500000000000,-0.930199069729209,0
,40.2000000000000,0.449469283974018,0
,40.2500000000000,1.78369437891395,0
,40.3000000000000,1.26210221332237,0
,40.3500000000000,-0.588781126771083,0
,40.4000000000000,-1.78305564628922,0
,40.4500000000000,-1.78532641797298,0
,40.5000000000000,-1.55331505755942,0
,40.5500000000000,-1.30996331111119,0
,40.6000000000000,-0.0219131437693362,0
,40.6500000000000,1.75635505446632,0
,40.7000000000000,1.78084431093075,0
,40.7500000000000,-0.0182927569913011,0
,40.8000000000000,-1.53708830147545,0
,40.8500000000000,-1.61395064395605,0
,40.9000000000000,-1.15551855041804,0
,40.9500000000000,-0.945721079838903,0
,41.0000000000000,0.0970750817520793,0
,41.0500000000000,1.82366289130032,0
,41.1000000000000,2.08591118991745,0
,41.1500000000000,0.498060697151090,0
,41.2000000000000,-1.09075812384335,0
,41.2500000000000,-1.37777131832882,0
,41.3000000000000,-1.07212977141065,0
,41.3500000000000,-1.05049044303969,0
,41.4000000000000,-0.320568474510920,0
,41.4500000000000,1.30493986505519,0
,41.5000000000000,2.01999242608429,0
,41.5500000000000,0.896467908260292,0
,41.6000000000000,-0.762741128541393,0
,41.6500000000000,-1.38659576493315,0
,41.7000000000000,-1.25000605984749,0
,41.7500000000000,-1.25972693402602,0
,41.8000000000000,-0.706783203824740,0
,41.8500000000000,0.848435750704710,0
,41.9000000000000,1.99374644639960,0
,41.9500000000000,1.36644871431522,0
,42.0000000000000,-0.256721209262350,0
,42.0500000000000,-1.18942097173075,0
,42.1000000000000,-1.12660160923338,0
,42.1500000000000,-0.952962327518311,0
,42.2000000000000,-0.584003584125109,0
,42.2500000000000,0.771261222258675,0
,42.3000000000000,2.29956569153198,0
,42.3500000000000,2.10064844790479,0
,42.4000000000000,0.357718268302585,0
,42.4500000000000,-0.950600612289031,0
,42.5000000000000,-0.967045399508005,0
,42.5500000000000,-0.627043332836091,0
,42.6000000000000,-0.399800147979619,0
,42.6500000000000,0.773163779002916,0
,42.7000000000000,2.54303114294592,0
,42.7500000000000,2.72639435052842,0
,42.8000000000000,1.04424541968952,0
,42.8500000000000,-0.553909903592100,0
,42.9000000000000,-0.843763026103426,0
,42.9500000000000,-0.539757486625292,0
,43.0000000000000,-0.424699622164155,0
,43.0500000000000,0.484140184035020,0
,43.1000000000000,2.18157426959117,0
,43.1500000000000,2.74582340421875,0
,43.2000000000000,1.52695124738108,0
,43.2500000000000,-0.0169344246845275,0
,43.3000000000000,-0.473177577023960,0
,43.3500000000000,-0.371695559169690,0
,43.4000000000000,-0.516757498859904,0
,43.4500000000000,0.0416332772107711,0
,43.5000000000000,1.61745574052191,0
,43.5500000000000,2.69278187240644,0
,43.6000000000000,2.01254400797011,0
,43.6500000000000,0.394227802448413,0
,43.7000000000000,-0.440050512689872,0
,43.7500000000000,-0.414222418762470,0
,43.8000000000000,-0.474794372063782,0
,43.8500000000000,-0.136586566101562,0
,43.9000000000000,1.39887186073081,0
,43.9500000000000,3.02185338502432,0
,44.0000000000000,2.77359413954269,0
,44.0500000000000,1.02901595312748,0
,44.1000000000000,-0.166677757297561,0
,44.1500000000000,-0.306216694746529,0
,44.2000000000000,-0.400846392640766,0
,44.2500000000000,-0.352633796551553,0
,44.3000000000000,0.899150034500082,0
,44.3500000000000,2.69339041303843,0
,44.4000000000000,2.78031257955354,0
,44.4500000000000,1.05722799795631,0
,44.5000000000000,-0.435130826173235,0
,44.5500000000000,-0.696440487600142,0
,44.6000000000000,-0.628868398178194,0
,44.6500000000000,-0.706513536470203,0
,44.7000000000000,0.253928987970865,0
,44.7500000000000,2.01112895069075,0
,44.8000000000000,2.34204828202787,0
,44.8500000000000,0.777835794830826,0
,44.9000000000000,-0.836112138195103,0
,44.9500000000000,-1.22354231599127,0
,45.0000000000000,-1.07584573707303,0
,45.0500000000000,-1.15022645859594,0
,45.1000000000000,-0.419537962400582,0
,45.1500000000000,1.27769999053350,0
,45.2000000000000,1.95202362223542,0
,45.2500000000000,0.610515593333809,0
,45.3000000000000,-1.15838976694071,0
,45.3500000000000,-1.77755732575830,0
,45.4000000000000,-1.70920690247797,0
,45.4500000000000,-1.82413536387347,0
,45.5000000000000,-1.31964374797358,0
,45.5500000000000,0.302629053278832,0
,45.6000000000000,1.52157639755028,0
,45.6500000000000,0.717413159605755,0
,45.7000000000000,-1.04354642048998,0
,45.7500000000000,-1.87229480235400,0
,45.8000000000000,-1.76681294990216,0
,45.8500000000000,-1.70788542152810,0
,45.9000000000000,-1.40963762748658,0
,45.9500000000000,-0.0276953786602225,0
,46.0000000000000,1.47071050585489,0
,46.0500000000000,1.10047433612223,0
,46.1000000000000,-0.668706820268671,0
,46.1500000000000,-1.84590128642199,0
,46.2000000000000,-1.95013237022476,0
,46.2500000000000,-1.97228012122685,0
,46.3000000000000,-1.99141170589932,0
,46.3500000000000,-0.819262850833506,0
,46.4000000000000,1.06225588246637,0
,46.4500000000000,1.27541198185914,0
,46.5000000000000,-0.443303265564947,0
,46.5500000000000,-1.99233885321718,0
,46.6000000000000,-2.23612469881419,0
,46.6500000000000,-2.04714091072695,0
,46.7000000000000,-2.07760237186059,0
,46.7500000000000,-1.14519850794046,0
,46.8000000000000,0.664806738805702,0
,46.8500000000000,1.12299032926509,0
,46.9000000000000,-0.456436162610779,0
,46.9500000000000,-2.22739515279735,0
,47.0000000000000,-2.65580700557798,0
,47.0500000000000,-2.31855248216323,0
,47.1000000000000,-2.13109036559256,0
,47.1500000000000,-1.24262896046296,0
,47.2000000000000,0.598369842985687,0
,47.2500000000000,1.59181127441344,0
,47.3000000000000,0.585573723643543,0
,47.3500000000000,-1.08114540236680,0
,47.4000000000000,-1.75718928596478,0
,47.4500000000000,-1.58755779379344,0
,47.5000000000000,-1.41571102846055,0
,47.5500000000000,-0.811252275954103,0
,47.6000000000000,0.820787900245485,0
,47.6500000000000,2.30894150367364,0
,47.7000000000000,1.90064405461596,0
,47.7500000000000,0.196973582149376,0
,47.8000000000000,-0.861370438269978,0
,47.8500000000000,-0.898862627341127,0
,47.9000000000000,-0.863370850581893,0
,47.9500000000000,-0.609082300781215,0
,48.0000000000000,0.782861733482403,0
,48.0500000000000,2.53861959986222,0
,48.1000000000000,2.54106719478290,0
,48.1500000000000,0.790901157233144,0
,48.2000000000000,-0.666170015234786,0
,48.2500000000000,-0.783318900386018,0
,48.3000000000000,-0.409385906390212,0
,48.3500000000000,-0.220916781793538,0
,48.4000000000000,0.815254440666708,0
,48.4500000000000,2.60424297677133,0
,48.5000000000000,2.99539995635887,0
,48.5500000000000,1.44217282477816,0
,48.6000000000000,-0.232376838009891,0
,48.6500000000000,-0.661055124612849,0
,48.7000000000000,-0.439179379267058,0
,48.7500000000000,-0.350194011316668,0
,48.8000000000000,0.523080450845288,0
,48.8500000000000,2.28507997365799,0
,48.9000000000000,3.03469991396963,0
,48.9500000000000,1.87666657258329,0
,49.0000000000000,0.209896337949545,0
,49.0500000000000,-0.454336186625035,0
,49.1000000000000,-0.410884104167168,0
,49.1500000000000,-0.483639421998767,0
,49.2000000000000,0.0727245248269968,0
,49.2500000000000,1.67629088796505,0
,49.3000000000000,2.83963131847301,0
,49.3500000000000,2.19900117769265,0
,49.4000000000000,0.536260008734694,0
,49.4500000000000,-0.464231532634299,0
,49.5000000000000,-0.566216817211463,0
,49.5500000000000,-0.592037132843848,0
,49.6000000000000,-0.221110671690529,0
,49.6500000000000,1.23748996165319,0
,49.7000000000000,2.73109882139949,0
,49.7500000000000,2.40758176968514,0
,49.8000000000000,0.632705596794204,0
,49.8500000000000,-0.699537035642969,0
,49.9000000000000,-0.904770518417577,0
,49.9500000000000,-0.851225534673791,0
,50.0000000000000,-0.720930129403019,0
,50.0500000000000,0.472378676025019,0
,50.1000000000000,2.22428969191059,0
,50.1500000000000,2.34502207369076,0
,50.2000000000000,0.652998014589751,0
,50.2500000000000,-0.889396974358058,0
,50.3000000000000,-1.30745841331086,0
,50.3500000000000,-1.38440163097856,0
,50.4000000000000,-1.45879791606007,0
,50.4500000000000,-0.466180547193769,0
,50.5000000000000,1.30960258872534,0
,50.5500000000000,1.72864852981288,0
,50.6000000000000,0.251711429550101,0
,50.6500000000000,-1.35331431299166,0
,50.7000000000000,-1.77229190682422,0
,50.7500000000000,-1.63155991664143,0
,50.8000000000000,-1.68963501796236,0
,50.8500000000000,-0.982082314137607,0
,50.9000000000000,0.732689316026365,0
,50.9500000000000,1.65352035277649,0
,51.0000000000000,0.591996648806611,0
,51.0500000000000,-1.10288619475560,0
,51.1000000000000,-1.77885870857015,0
,51.1500000000000,-1.75065953604280,0
,51.2000000000000,-1.88068840928353,0
,51.2500000000000,-1.36732939310770,0
,51.3000000000000,0.358020657048078,0
,51.3500000000000,1.87192046497208,0
,51.4000000000000,1.47607192154961,0
,51.4500000000000,-0.151911850295586,0
,51.5000000000000,-1.17821793784709,0
,51.5500000000000,-1.36036352947098,0
,51.6000000000000,-1.57205255996774,0
,51.6500000000000,-1.38705941152212,0
,51.7000000000000,0.114693254500094,0
,51.7500000000000,2.03550648266919,0
,51.8000000000000,2.19602773316101,0
,51.8500000000000,0.597340611138935,0
,51.9000000000000,-0.707977557322905,0
,51.9500000000000,-1.03708696770542,0
,52.0000000000000,-1.32623248969359,0
,52.0500000000000,-1.50010546908797,0
,52.1000000000000,-0.365833893471834,0
,52.1500000000000,1.66632772145284,0
,52.2000000000000,2.23817762698374,0
,52.2500000000000,0.705065986712262,0
,52.3000000000000,-0.919648416980643,0
,52.3500000000000,-1.30854165822942,0
,52.4000000000000,-1.29144678021937,0
,52.4500000000000,-1.44003597485152,0
,52.5000000000000,-0.550765827182573,0
,52.5500000000000,1.48615605132431,0
,52.6000000000000,2.55445910238147,0
,52.6500000000000,1.46243808753415,0
,52.7000000000000,-0.189307289110758,0
,52.7500000000000,-0.774678177734098,0
,52.8000000000000,-0.752845934427466,0
,52.8500000000000,-0.922359438876066,0
,52.9000000000000,-0.368057331380231,0
,52.9500000000000,1.36481313278650,0
,53.0000000000000,2.68718588476173,0
,53.0500000000000,2.11728745082030,0
,53.1000000000000,0.566408078977892,0
,53.1500000000000,-0.277141855654242,0
,53.2000000000000,-0.416300828982328,0
,53.2500000000000,-0.649293252426008,0
,53.3000000000000,-0.304834192158469,0
,53.3500000000000,1.31553510849528,0
,53.4000000000000,2.95266146467662,0
,53.4500000000000,2.66699672909925,0
,53.5000000000000,0.971135704854453,0
,53.5500000000000,-0.230641107233363,0
,53.6000000000000,-0.638603524247773,0
,53.6500000000000,-1.04523089889201,0
,53.7000000000000,-1.02273753034943,0
,53.7500000000000,0.378954022362521,0
,53.8000000000000,2.33324653656309,0
,53.8500000000000,2.60798407419799,0
,53.9000000000000,0.998391942607788,0
,53.9500000000000,-0.501543208916930,0
,54.0000000000000,-0.876367608791010,0
,54.0500000000000,-0.970841912350998,0
,54.1000000000000,-1.13091201082311,0
,54.1500000000000,-0.177751882655960,0
,54.2000000000000,1.69996684398675,0
,54.2500000000000,2.22862733644751,0
,54.3000000000000,0.702191699704557,0
,54.3500000000000,-1.02705244528714,0
,54.4000000000000,-1.54068551663245,0
,54.4500000000000,-1.59173853031388,0
,54.5000000000000,-1.90901372215079,0
,54.5500000000000,-1.29652882370556,0
,54.6000000000000,0.605309475317477,0
,54.6500000000000,1.79460328701787,0
,54.7000000000000,0.795714871807707,0
,54.7500000000000,-0.951725993481341,0
,54.8000000000000,-1.69553536325317,0
,54.8500000000000,-1.76990253904210,0
,54.9000000000000,-2.02131652504780,0
,54.9500000000000,-1.63237576397283,0
,55.0000000000000,0.0130725563000165,0
,55.0500000000000,1.44180982749603,0
,55.1000000000000,0.906302197102627,0
,55.1500000000000,-0.746669918274349,0
,55.2000000000000,-1.66618785905202,0
,55.2500000000000,-1.64872712778016,0
,55.3000000000000,-1.56632511273711,0
,55.3500000000000,-1.18873130073425,0
,55.4000000000000,0.341164694079292,0
,55.4500000000000,2.14310591044139,0
,55.5000000000000,2.07156298089484,0
,55.5500000000000,0.320659731779951,0
,55.6000000000000,-0.982987579697852,0
,55.6500000000000,-1.01829513732760,0
,55.7000000000000,-0.814844397165772,0
,55.7500000000000,-0.731913141199047,0
,55.8000000000000,0.430782583427199,0
,55.8500000000000,2.34777061378052,0
,55.9000000000000,2.72374205501728,0
,55.9500000000000,1.08358762871705,0
,56.0000000000000,-0.553966848086075,0
,56.0500000000000,-0.959436767051502,0
,56.1000000000000,-0.972148088177426,0
,56.1500000000000,-1.16001512664496,0
,56.2000000000000,-0.317903929784454,0
,56.2500000000000,1.62410929128739,0
,56.3000000000000,2.44950637441164,0
,56.3500000000000,1.09444748825834,0
,56.4000000000000,-0.682768854847477,0
,56.4500000000000,-1.29708562071111,0
,56.5000000000000,-1.25316881616550,0
,56.5500000000000,-1.30938802069017,0
,56.6000000000000,-0.581641104523574,0
,56.6500000000000,1.21602047580097,0
,56.7000000000000,2.21105299529713,0
,56.7500000000000,1.03972993262640,0
,56.8000000000000,-0.857069566037128,0
,56.8500000000000,-1.70839706406902,0
,56.9000000000000,-1.74986833151658,0
,56.9500000000000,-1.84142354383011,0
,57.0000000000000,-1.32200005334718,0
,57.0500000000000,0.367668795779163,0
,57.1000000000000,1.82527475134355,0
,57.1500000000000,1.29584580353954,0
,57.2000000000000,-0.486278712154889,0
,57.2500000000000,-1.55460096315065,0
,57.3000000000000,-1.69238395643026,0
,57.3500000000000,-1.82883129089236,0
,57.4000000000000,-1.63306812712637,0
,57.4500000000000,-0.194005329217535,0
,57.5000000000000,1.59842485292531,0
,57.5500000000000,1.59332818893968,0
,57.6000000000000,-0.124508168661768,0
,57.6500000000000,-1.46434156443900,0
,57.7000000000000,-1.50704485064580,0
,57.7500000000000,-1.24777762219833,0
,57.8000000000000,-1.10901457409461,0
,57.8500000000000,0.0372333084129813,0
,57.9000000000000,1.85905308458775,0
,57.9500000000000,2.10133466608061,0
,58.0000000000000,0.398564046347637,0
,58.0500000000000,-1.24313582384136,0
,58.1000000000000,-1.65541042629954,0
,58.1500000000000,-1.68384567867889,0
,58.2000000000000,-1.84235643001144,0
,58.2500000000000,-0.918088372492880,0
,58.3000000000000,1.24337858578423,0
,58.3500000000000,2.37386196888113,0
,58.4000000000000,1.14783328697733,0
,58.4500000000000,-0.661231388910339,0
,58.5000000000000,-1.37699547757573,0
,58.5500000000000,-1.50907786419630,0
,58.6000000000000,-1.71505306274397,0
,58.6500000000000,-0.996716833123735,0
,58.7000000000000,0.884124460957612,0
,58.7500000000000,2.05240552601741,0
,58.8000000000000,1.10875653264924,0
,58.8500000000000,-0.646995190099219,0
,58.9000000000000,-1.47017707289449,0
,58.9500000000000,-1.58157958148496,0
,59.0000000000000,-1.82441860093101,0
,59.0500000000000,-1.46612092764757,0
,59.1000000000000,0.156914888735418,0
,59.1500000000000,1.77090740156148,0
,59.2000000000000,1.49868398162569,0
,59.2500000000000,-0.137433812812129,0
,59.3000000000000,-1.24357252374986,0
,59.3500000000000,-1.52102467858592,0
,59.4000000000000,-1.78418141413803,0
,59.4500000000000,-1.67548456625458,0
,59.5000000000000,-0.255996518575336,0
,59.5500000000000,1.70594830720439,0
,59.6000000000000,2.00331124581042,0
,59.6500000000000,0.372244273978764,0
,59.7000000000000,-1.14709849562628,0
,59.7500000000000,-1.52490769898760,0
,59.8000000000000,-1.57786903794042,0
,59.8500000000000,-1.58785888980289,0
,59.9000000000000,-0.435128768003462,0
,59.9500000000000,1.70122545717159,0
,60.0000000000000,2.51514347998653,0
,60.0500000000000,1.09110278015812,0
,60.1000000000000,-0.649363825331772,0
,60.1500000000000,-1.20053423132258,0
,60.2000000000000,-1.23880252989599,0
,60.2500000000000,-1.43950609261044,0
,60.3000000000000,-0.661353466744919,0
,60.3500000000000,1.33824666482357,0
,60.4000000000000,2.52712899197471,0
,60.4500000000000,1.51446055701416,0
,60.5000000000000,-0.252600890417801,0
,60.5500000000000,-1.07586899339720,0
,60.6000000000000,-1.21053289401374,0
,60.6500000000000,-1.41045513521805,0
,60.7000000000000,-0.893991621623817,0
,60.7500000000000,0.865229114484985,0
,60.8000000000000,2.50155467276072,0
,60.8500000000000,2.34345577724014,0
,60.9000000000000,0.825566317840290,0
,60.9500000000000,-0.226430853396337,0
,61.0000000000000,-0.487613621839720,0
,61.0500000000000,-0.802399506339657,0
,61.1000000000000,-0.654140548531713,0
,61.1500000000000,0.810695022256342,0
,61.2000000000000,2.69571387320145,0
,61.2500000000000,2.89142530155242,0
,61.3000000000000,1.31083539627782,0
,61.3500000000000,-0.0506522821716488,0
,61.4000000000000,-0.407292965604194,0
,61.4500000000000,-0.587770010676106,0
,61.5000000000000,-0.572350175289890,0
,61.5500000000000,0.676569758304338,0
,61.6000000000000,2.72160508101911,0
,61.6500000000000,3.34580749806392,0
,61.7000000000000,1.92631987337674,0
,61.7500000000000,0.327589672787489,0
,61.8000000000000,-0.323126459428770,0
,61.8500000000000,-0.734851742301957,0
,61.9000000000000,-1.10426720355531,0
,61.9500000000000,-0.300595425499627,0
,62.0000000000000,1.59703637154103,0
,62.0500000000000,2.60075834308801,0
,62.1000000000000,1.66194545546234,0
,62.1500000000000,0.147085059169024,0
,62.2000000000000,-0.571636317457853,0
,62.2500000000000,-0.939789204531749,0
,62.3000000000000,-1.40045664748189,0
,62.3500000000000,-0.834517194256732,0
,62.4000000000000,0.997691753433240,0
,62.4500000000000,2.29509224234516,0
,62.5000000000000,1.61962117835950,0
,62.5500000000000,0.00369834154082444,0
,62.6000000000000,-0.899726689299180,0
,62.6500000000000,-1.21740072273358,0
,62.7000000000000,-1.66855799609069,0
,62.7500000000000,-1.39401598317768,0
,62.8000000000000,0.274172812336221,0
,62.8500000000000,2.11282450318854,0
,62.9000000000000,2.19245760616005,0
,62.9500000000000,0.712137360688003,0
,63.0000000000000,-0.436354791087429,0
,63.0500000000000,-0.909181588780815,0
,63.1000000000000,-1.52629497436072,0
,63.1500000000000,-1.64112561516659,0
,63.2000000000000,-0.208950463097494,0
,63.2500000000000,1.96287199246538,0
,63.3000000000000,2.52128164178716,0
,63.3500000000000,1.06256618561388,0
,63.4000000000000,-0.408555303471139,0
,63.4500000000000,-0.999631592494481,0
,63.5000000000000,-1.49618161986644,0
,63.5500000000000,-1.73647263044583,0
,63.6000000000000,-0.538262358912765,0
,63.6500000000000,1.69408079376357,0
,63.7000000000000,2.59637381278910,0
,63.7500000000000,1.29432093068718,0
,63.8000000000000,-0.343483153989662,0
,63.8500000000000,-1.01910198401149,0
,63.9000000000000,-1.37773752519196,0
,63.9500000000000,-1.70849901805950,0
,64.0000000000000,-0.857971442078391,0
,64.0500000000000,1.24475963727957,0
,64.1000000000000,2.48909456159341,0
,64.1500000000000,1.56514951654489,0
,64.2000000000000,-0.0531228962501192,0
,64.2500000000000,-0.896098725962325,0
,64.3000000000000,-1.44854134291866,0
,64.3500000000000,-2.09748703659162,0
,64.4000000000000,-1.66360818819295,0
,64.4500000000000,0.198259483551090,0
,64.5000000000000,1.78000286195563,0
,64.5500000000000,1.37005826926992,0
,64.6000000000000,-0.153334595308971,0
,64.6500000000000,-0.966457472066580,0
,64.7000000000000,-1.25651871580425,0
,64.7500000000000,-1.85985517607713,0
,64.8000000000000,-1.82231715902901,0
,64.8500000000000,-0.266689737836667,0
,64.9000000000000,1.76802359641667,0
,64.9500000000000,2.14630307815937,0
,65.0000000000000,0.724245148068583,0
,65.0500000000000,-0.535843026146743,0
,65.1000000000000,-1.00487917829867,0
,65.1500000000000,-1.50317816236575,0
,65.2000000000000,-1.61846626423796,0
,65.2500000000000,-0.242379874088564,0
,65.3000000000000,2.10970964737305,0
,65.3500000000000,3.05097122873709,0
,65.4000000000000,1.73017744362840,0
,65.4500000000000,0.160374457450429,0
,65.5000000000000,-0.603355018155117,0
,65.5500000000000,-1.33056446035403,0
,65.6000000000000,-1.81839050072784,0
,65.6500000000000,-0.810420520536153,0
,65.7000000000000,1.48520569844806,0
,65.7500000000000,2.71157624652413,0
,65.8000000000000,1.56871461837655,0
,65.8500000000000,-0.156394170800945,0
,65.9000000000000,-0.849425253017440,0
,65.9500000000000,-1.17022343532200,0
,66.0000000000000,-1.68661267333562,0
,66.0500000000000,-1.17263208118887,0
,66.1000000000000,0.713065152745465,0
,66.1500000000000,2.10348924592728,0
,66.2000000000000,1.45519509362979,0
,66.2500000000000,-0.104946274925984,0
,66.3000000000000,-0.894283203901475,0
,66.3500000000000,-1.27349805196596,0
,66.4000000000000,-1.95234645217813,0
,66.4500000000000,-1.77284770370618,0
,66.5000000000000,-0.0454387820906670,0
,66.5500000000000,1.91983364309848,0
,66.6000000000000,2.16961867000846,0
,66.6500000000000,0.832038784864776,0
,66.7000000000000,-0.289274724737930,0
,66.7500000000000,-0.926777580658087,0
,66.8000000000000,-1.73646565827341,0
,66.8500000000000,-1.86651131533803,0
,66.9000000000000,-0.405219585395408,0
,66.9500000000000,1.75975857380842,0
,67.0000000000000,2.34534812455632,0
,67.0500000000000,0.916993909983122,0
,67.1000000000000,-0.500112940561449,0
,67.1500000000000,-1.11685244418343,0
,67.2000000000000,-1.74577554342521,0
,67.2500000000000,-2.08506582461205,0
,67.3000000000000,-0.907264960778383,0
,67.3500000000000,1.44724216098825,0
,67.4000000000000,2.51973795912419,0
,67.4500000000000,1.26178027121383,0
,67.5000000000000,-0.335499228952427,0
,67.5500000000000,-1.00425753113125,0
,67.6000000000000,-1.52051476113886,0
,67.6500000000000,-2.02794801325916,0
,67.7000000000000,-1.22306322386706,0
,67.7500000000000,0.960437988269192,0
,67.8000000000000,2.44666231307301,0
,67.8500000000000,1.81534902692602,0
,67.9000000000000,0.368533795599535,0
,67.9500000000000,-0.361488949975795,0
,68.0000000000000,-0.820691772240983,0
,68.0500000000000,-1.51999149851764,0
,68.1000000000000,-1.23202313623878,0
,68.1500000000000,0.528852835666563,0
,68.2000000000000,2.10110839873858,0
,68.2500000000000,1.77227018783611,0
,68.3000000000000,0.278121279822010,0
,68.3500000000000,-0.611297213543879,0
,68.4000000000000,-0.964431196121068,0
,68.4500000000000,-1.58348171884455,0
,68.5000000000000,-1.56523116703782,0
,68.5500000000000,0.0175116705798675,0
,68.6000000000000,2.14048503124790,0
,68.6500000000000,2.61727737010538,0
,68.7000000000000,1.24535747445425,0
,68.7500000000000,0.0150086688963850,0
,68.8000000000000,-0.477820942461829,0
,68.8500000000000,-1.10972812128216,0
,68.9000000000000,-1.39281002419384,0
,68.9500000000000,-0.175216198389481,0
,69.0000000000000,2.06787391724211,0
,69.0500000000000,3.04463278844475,0
,69.1000000000000,1.86804651840862,0
,69.1500000000000,0.296781499907529,0
,69.2000000000000,-0.605047382459743,0
,69.2500000000000,-1.42553645514692,0
,69.3000000000000,-1.97547230835096,0
,69.3500000000000,-1.05948656889188,0
,69.4000000000000,1.20108906224588,0
,69.4500000000000,2.49692918872070,0
,69.5000000000000,1.45318519804031,0
,69.5500000000000,-0.222227265154588,0
,69.6000000000000,-0.921912585802254,0
,69.6500000000000,-1.19879959179533,0
,69.7000000000000,-1.62116338653092,0
,69.7500000000000,-1.10603137695118,0
,69.8000000000000,0.717419336524648,0
,69.8500000000000,2.23210466350818,0
,69.9000000000000,1.87052970802581,0
,69.9500000000000,0.383294785707546,0
,70.0000000000000,-0.587122348426231,0
,70.0500000000000,-1.18064417018296,0
,70.1000000000000,-2.00051053668416,0
,70.1500000000000,-1.90685905341723,0
,70.2000000000000,-0.190257185660667,0
,70.2500000000000,1.86441402530081,0
,70.3000000000000,2.24441919407588,0
,70.3500000000000,0.938759911121240,0
,70.4000000000000,-0.163039734914353,0
,70.4500000000000,-0.712029835615752,0
,70.5000000000000,-1.49120716583860,0
,70.5500000000000,-1.64945792671704,0
,70.6000000000000,-0.177802562852481,0
,70.6500000000000,2.03568713490105,0
,70.7000000000000,2.72233971535649,0
,70.7500000000000,1.38729778905610,0
,70.8000000000000,-0.0597545313971402,0
,70.8500000000000,-0.706762461903522,0
,70.9000000000000,-1.28374474264404,0
,70.9500000000000,-1.56297502116275,0
,71.0000000000000,-0.426264735878353,0
,71.0500000000000,1.68349121839972,0
,71.1000000000000,2.49919001495132,0
,71.1500000000000,1.18743748558644,0
,71.2000000000000,-0.508461930689813,0
,71.2500000000000,-1.16523159988811,0
,71.3000000000000,-1.36561294490858,0
,71.3500000000000,-1.69110334372061,0
,71.4000000000000,-0.975789382829091,0
,71.4500000000000,1.04657973142258,0
,71.5000000000000,2.43020779890314,0
,71.5500000000000,1.82052682344659,0
,71.6000000000000,0.324227867437788,0
,71.6500000000000,-0.592543562901037,0
,71.7000000000000,-1.25361971450287,0
,71.7500000000000,-2.05292498183917,0
,71.8000000000000,-1.79181197826804,0
,71.8500000000000,0.0149863154956133,0
,71.9000000000000,1.89782108627000,0
,71.9500000000000,2.02040429788984,0
,72.0000000000000,0.652713979863500,0
,72.0500000000000,-0.336054045204742,0
,72.1000000000000,-0.733105992551434,0
,72.1500000000000,-1.36054914061183,0
,72.2000000000000,-1.36715732895384,0
,72.2500000000000,0.131309042965738,0
,72.3000000000000,2.22587177370620,0
,72.3500000000000,2.85107520137685,0
,72.4000000000000,1.60143479050048,0
,72.4500000000000,0.373177143407477,0
,72.5000000000000,-0.229659665305761,0
,72.5500000000000,-0.995580343364478,0
,72.6000000000000,-1.29264694265562,0
,72.6500000000000,-0.112243483516103,0
,72.7000000000000,1.83954277749309,0
,72.7500000000000,2.47546002518359,0
,72.8000000000000,1.47630770500665,0
,72.8500000000000,0.578981975219630,0
,72.9000000000000,0.227316503668267,0
,72.9500000000000,-0.462586538411991,0
,73.0000000000000,-1.05965889452590,0
,73.0500000000000,-0.263310154871218,0
,73.1000000000000,1.46605671765470,0
,73.1500000000000,2.15394849418086,0
,73.2000000000000,1.31008928033031,0
,73.2500000000000,0.265790464791488,0
,73.3000000000000,-0.0897951463486109,0
,73.3500000000000,-0.328891951982396,0
,73.4000000000000,-0.725620883654136,0
,73.4500000000000,-0.274010153349294,0
,73.5000000000000,0.939266881349618,0
,73.5500000000000,1.61860108698678,0
,73.6000000000000,1.15926391050825,0
,73.6500000000000,0.0527376022003319,0
,73.7000000000000,-0.410894403071591,0
,73.7500000000000,-0.249826486666777,0
,73.8000000000000,-0.274489147522945,0
,73.8500000000000,-0.00555970747019648,0
,73.9000000000000,0.770840103492435,0
,73.9500000000000,1.36771565861783,0
,74.0000000000000,1.09969858775928,0
,74.0500000000000,-0.0948865811730771,0
,74.1000000000000,-0.773742740180469,0
,74.1500000000000,-0.624775674245953,0
,74.2000000000000,-0.418786348330901,0
,74.2500000000000,0.108175836890778,0
,74.3000000000000,0.815607558323526,0
,74.3500000000000,1.24525183304750,0
,74.4000000000000,0.997979329162235,0
,74.4500000000000,-0.217965772110397,0
,74.5000000000000,-1.16043254750228,0
,74.5500000000000,-1.14448276378909,0
,74.6000000000000,-0.801355862377240,0
,74.6500000000000,-0.252084436368409,0
,74.7000000000000,0.514823726602200,0
,74.7500000000000,1.13897159411456,0
,74.8000000000000,1.00438910195054,0
,74.8500000000000,-0.207306870205321,0
,74.9000000000000,-1.33042756820643,0
,74.9500000000000,-1.37619009699201,0
,75.0000000000000,-0.805327488084857,0
,75.0500000000000,-0.225553813323453,0
,75.1000000000000,0.476291352722988,0
,75.1500000000000,1.06823634464061,0
,75.2000000000000,1.09625322744475,0
,75.2500000000000,0.300626239855059,0
,75.3000000000000,-0.770434607987567,0
,75.3500000000000,-0.978391938077120,0
,75.4000000000000,-0.473077851993494,0
,75.4500000000000,0.0502977168419522,0
,75.5000000000000,0.803217038402846,0
,75.5500000000000,1.46626415146433,0
,75.6000000000000,1.62764325013494,0
,75.6500000000000,1.05803055171174,0
,75.7000000000000,-0.177132186026703,0
,75.7500000000000,-0.785272147219431,0
,75.8000000000000,-0.563198333062351,0
,75.8500000000000,-0.184307513069584,0
,75.9000000000000,0.607512095093154,0
,75.9500000000000,1.43790525126426,0
,76.0000000000000,1.81547192641567,0
,76.0500000000000,1.46081628305693,0
,76.1000000000000,0.190926405070986,0
,76.1500000000000,-0.655631724156195,0
,76.2000000000000,-0.562499631589879,0
,76.2500000000000,-0.171253362443999,0
,76.3000000000000,0.678544072147778,0
,76.3500000000000,1.68650586989051,0
,76.4000000000000,2.09910202342131,0
,76.4500000000000,1.77561356569961,0
,76.5000000000000,0.629964200359584,0
,76.5500000000000,-0.347807742932742,0
,76.6000000000000,-0.333208540581285,0
,76.6500000000000,0.197588749913252,0
,76.7000000000000,1.03240788830607,0
,76.7500000000000,2.11740655543067,0
,76.8000000000000,2.74155804154707,0
,76.8500000000000,2.60215772739600,0
,76.9000000000000,1.61037611553966,0
,76.9500000000000,0.499310326430491,0
,77.0000000000000,0.332233294978334,0
,77.0500000000000,0.792523276970564,0
,77.1000000000000,1.36589879923892,0
,77.1500000000000,2.34071502522231,0
,77.2000000000000,3.24358637988572,0
,77.2500000000000,3.46126036862410,0
,77.3000000000000,2.76457208712635,0
,77.3500000000000,1.48060672048915,0
,77.4000000000000,0.985542587935846,0
,77.4500000000000,1.30435637705947,0
,77.5000000000000,1.68810629445886,0
,77.5500000000000,2.67269717285080,0
,77.6000000000000,3.86904074111516,0
,77.6500000000000,4.38468993893752,0
,77.7000000000000,3.97879456722716,0
,77.7500000000000,2.53282921929350,0
,77.8000000000000,1.41700380942947,0
,77.8500000000000,1.10090912670108,0
,77.9000000000000,0.865029396299116,0
,77.9500000000000,1.30399917562525,0
,78.0000000000000,2.78374053350547,0
,78.0500000000000,4.24926772847184,0
,78.1000000000000,4.35479334509672,0
,78.1500000000000,2.87378033065613,0
,78.2000000000000,1.31359397122714,0
,78.2500000000000,0.632231306735551,0
,78.3000000000000,0.205622717787792,0
,78.3500000000000,-0.0484335802524093,0
,78.4000000000000,0.825167849927844,0
,78.4500000000000,2.49404686954538,0
,78.5000000000000,3.46789626556783,0
,78.5500000000000,2.99774320098351,0
,78.6000000000000,1.63520314607737,0
,78.6500000000000,0.636527889961881,0
,78.7000000000000,0.00917505310542473,0
,78.7500000000000,-0.497017880998392,0
,78.8000000000000,-0.0864322043439659,0
,78.8500000000000,0.815867475174856,0
,78.9000000000000,0.381221393738604,0
,78.9500000000000,-1.82521699584463,0
,79.0000000000000,-4.20957582533580,0
,79.0500000000000,-5.42281945233572,0
,79.1000000000000,-5.94838551913218,0
,79.1500000000000,-6.54389553000270,0
,79.2000000000000,-6.25400140315466,0
,79.2500000000000,-4.48835194466975,0
,79.3000000000000,-2.28198525976566,0
,79.3500000000000,-1.30901462138186,0
,79.4000000000000,-2.08817320095408,0
,79.4500000000000,-3.13513354238441,0
,79.5000000000000,-3.87254316595480,0
,79.5500000000000,-4.75026731770661,0
,79.6000000000000,-4.80438171144601,0
,79.6500000000000,-3.26849998517464,0
,79.7000000000000,-1.01149534974229,0
,79.7500000000000,-0.0204191977345367,0
,79.8000000000000,-1.19898016995562,0
,79.8500000000000,-2.67518972184939,0
,79.9000000000000,-3.38741200518815,0
,79.9500000000000,-3.93656357381506,0
,80.0000000000000,-3.91640970675086,0
,80.0500000000000,-2.51736334080036,0
,80.1000000000000,-0.241044580258287,0
,80.1500000000000,1.04478848957239,0
,80.2000000000000,0.167052517452171,0
,80.2500000000000,-1.34500583738668,0
,80.3000000000000,-2.14023816036479,0
,80.3500000000000,-2.62965914338690,0
,80.4000000000000,-2.78621882829620,0
,80.4500000000000,-1.70495027496029,0
,80.5000000000000,0.503691665693879,0
,80.5500000000000,2.12491426159011,0
,80.6000000000000,1.66448898101336,0
,80.6500000000000,0.162492991935745,0
,80.7000000000000,-0.612307923725021,0
,80.7500000000000,-0.778534236191775,0
,80.8000000000000,-0.862269340820895,0
,80.8500000000000,0.0437538413855898,0
,80.9000000000000,2.11108761630938,0
,80.9500000000000,3.61321323894364,0
,81.0000000000000,2.97416978650041,0
,81.0500000000000,1.11668694291935,0
,81.1000000000000,0.0684868093758558,0
,81.1500000000000,-0.0823858310651003,0
,81.2000000000000,-0.111976231782163,0
,81.2500000000000,0.671315943189226,0
,81.3000000000000,2.61769633313042,0
,81.3500000000000,4.39957998008231,0
,81.4000000000000,4.23302427462650,0
,81.4500000000000,2.20393321623117,0
,81.5000000000000,0.563168476802607,0
,81.5500000000000,0.0363772521463795,0
,81.6000000000000,-0.157826443155850,0
,81.6500000000000,0.289471045005576,0
,81.7000000000000,1.82114324220841,0
,81.7500000000000,3.44564345339095,0
,81.8000000000000,3.53866742012173,0
,81.8500000000000,1.72251637747537,0
,81.9000000000000,-0.261343982868000,0
,81.9500000000000,-0.923596845585788,0
,82.0000000000000,-0.665956278545247,0
,82.0500000000000,-0.229425947916083,0
,82.1000000000000,0.992145068071251,0
,82.1500000000000,2.64685497026685,0
,82.2000000000000,3.37170905430264,0
,82.2500000000000,2.40835634701658,0
,82.3000000000000,0.205126111048340,0
,82.3500000000000,-1.33285474540621,0
,82.4000000000000,-1.58595920925646,0
,82.4500000000000,-1.25612740636546,0
,82.5000000000000,-0.263183459846086,0
,82.5500000000000,1.35185428880636,0
,82.6000000000000,2.61164650408604,0
,82.6500000000000,2.38807503679273,0
,82.7000000000000,0.439228115459715,0
,82.7500000000000,-1.39522544185604,0
,82.8000000000000,-1.89658361580586,0
,82.8500000000000,-1.62423161510179,0
,82.9000000000000,-1.01110417712214,0
,82.9500000000000,0.104847035121873,0
,83.0000000000000,1.07155567589231,0
,83.0500000000000,0.942481269827059,0
,83.1000000000000,-0.560528697725647,0
,83.1500000000000,-2.38835536797869,0
,83.2000000000000,-3.11452705933489,0
,83.2500000000000,-2.67290178689751,0
,83.3000000000000,-1.74342545332485,0
,83.3500000000000,-0.338207581838287,0
,83.4000000000000,0.899110794847554,0
,83.4500000000000,0.964231126077038,0
,83.5000000000000,-0.351907236566685,0
,83.5500000000000,-2.49596538097532,0
,83.6000000000000,-3.78295521884298,0
,83.6500000000000,-3.44179469360352,0
,83.7000000000000,-2.25693886282236,0
,83.7500000000000,-0.954093867437778,0
,83.8000000000000,-0.0704404907910101,0
,83.8500000000000,0.0771985656585336,0
,83.9000000000000,-0.531779101619977,0
,83.9500000000000,-2.06456476761640,0
,84.0000000000000,-3.24560909162165,0
,84.0500000000000,-3.06128650476310,0
,84.1000000000000,-2.13292602553976,0
,84.1500000000000,-1.15499176231753,0
,84.2000000000000,-0.509283514046259,0
,84.2500000000000,-0.502729334080469,0
,84.3000000000000,-0.998156344887047,0
,84.3500000000000,-2.16990080091495,0
,84.4000000000000,-3.27397165173933,0
,84.4500000000000,-3.27027335390343,0
,84.5000000000000,-2.54211907178127,0
,84.5500000000000,-1.70750641285630,0
,84.6000000000000,-1.04770974218529,0
,84.6500000000000,-1.09809108404421,0
,84.7000000000000,-1.32335398753738,0
,84.7500000000000,-1.71644819540664,0
,84.8000000000000,-2.59086405815273,0
,84.8500000000000,-2.95391349794194,0
,84.9000000000000,-2.64864913168205,0
,84.9500000000000,-2.17534032476209,0
,85.0000000000000,-1.53652863949928,0
,85.0500000000000,-1.20514666793379,0
,85.1000000000000,-0.978052880033394,0
,85.1500000000000,-0.794660349650492,0
,85.2000000000000,-1.25480040479176,0
,85.2500000000000,-1.53174873386871,0
,85.3000000000000,-1.24617312077923,0
,85.3500000000000,-0.867573547865421,0
,85.4000000000000,-0.386224922435867,0
,85.4500000000000,-0.261208876207392,0
,85.5000000000000,-0.179152377642372,0
,85.5500000000000,0.0517742853838154,0
,85.6000000000000,-0.307134308704303,0
,85.6500000000000,-0.636816286527361,0
,85.7000000000000,-0.453529959634863,0
,85.7500000000000,-0.144628501983049,0
,85.8000000000000,0.399571226317476,0
,85.8500000000000,0.699765546330607,0
,85.9000000000000,0.693912965305051,0
,85.9500000000000,1.01053512670396,0
,86.0000000000000,1.18330258109556,0
,86.0500000000000,0.933683008890022,0
,86.1000000000000,0.705608038988172,0
,86.1500000000000,0.514053966130359,0
,86.2000000000000,0.646631209785793,0
,86.2500000000000,0.696542318014251,0
,86.3000000000000,0.337216994210076,0
,86.3500000000000,0.494969865975386,0
,86.4000000000000,0.966804833389362,0
,86.4500000000000,0.948324162625959,0
,86.5000000000000,0.924845125046403,0
,86.5500000000000,1.00342769578429,0
,86.6000000000000,1.23823265992109,0
,86.6500000000000,1.26378461021095,0
,86.7000000000000,0.615759661837727,0
,86.7500000000000,0.423673971668963,0
,86.8000000000000,0.718295218362544,0
,86.8500000000000,0.472495701044728,0
,86.9000000000000,0.244599172509431,0
,86.9500000000000,0.364323829982155,0
,87.0000000000000,0.690750697545020,0
,87.0500000000000,0.965574683936338,0
,87.1000000000000,0.564878927412131,0
,87.1500000000000,0.380841611937992,0
,87.2000000000000,0.721222215122875,0
,87.2500000000000,0.625792558737846,0
,87.3000000000000,0.350937235933947,0
,87.3500000000000,0.238595278105615,0
,87.4000000000000,0.247327783125861,0
,87.4500000000000,0.444633916438824,0
,87.5000000000000,0.230385759326244,0
,87.5500000000000,0.0616518504507896,0
,87.6000000000000,0.503916268427694,0
,87.6500000000000,0.743404971404996,0
,87.7000000000000,0.612895160103865,0
,87.7500000000000,0.523712695009266,0
,87.8000000000000,0.470188598604262,0
,87.8500000000000,0.642783114550436,0
,87.9000000000000,0.516081121545172,0
,87.9500000000000,0.102566509705314,0
,88.0000000000000,0.158027486473296,0
,88.0500000000000,0.264762814164071,0
,88.1000000000000,-0.000782793508127526,0
,88.1500000000000,-0.232654960975356,0
,88.2000000000000,-0.342185134556283,0
,88.2500000000000,-0.0241104264218041,0
,88.3000000000000,0.245654153043229,0
,88.3500000000000,-0.0586649998785067,0
,88.4000000000000,0.0345649738859501,0
,88.4500000000000,0.413177603150768,0
,88.5000000000000,0.179995537726788,0
,88.5500000000000,-0.233483550762287,0
,88.6000000000000,-0.540225870443307,0
,88.6500000000000,-0.379821900456220,0
,88.7000000000000,-0.0909463476747595,0
,88.7500000000000,-0.428761614199287,0
,88.8000000000000,-0.432408969481416,0
,88.8500000000000,0.00427234570925987,0
,88.9000000000000,-0.0976355434258220,0
,88.9500000000000,-0.308232297702343,0
,89.0000000000000,-0.299361542317630,0
,89.0500000000000,-0.0767189930639046,0
,89.1000000000000,0.182133842921937,0
,89.1500000000000,-0.175560277135553,0
,89.2000000000000,-0.340467473988268,0
,89.2500000000000,0.00354532814629519,0
,89.3000000000000,-0.0717883144346876,0
,89.3500000000000,-0.270554995016258,0
,89.4000000000000,-0.286019604143445,0
,89.4500000000000,-0.167603936519844,0
,89.5000000000000,0.243836496009570,0
,89.5500000000000,0.328842554438906,0
,89.6000000000000,0.276571114793023,0
,89.6500000000000,0.653890824535590,0
,89.7000000000000,0.815014534569782,0
,89.7500000000000,0.563188025030537,0
,89.8000000000000,0.336044742350003,0
,89.8500000000000,0.200406858090314,0
,89.9000000000000,0.427281548649281,0
,89.9500000000000,0.482204451076818,0
,90.0000000000000,0.161755524545751,0
,90.0500000000000,0.367525327305433,0
