"타이틀",""
"부제",""
"작성자","SV-2100M4"
"작성일자","2025-08-01 오후 3:10:05"
"변경일자","2025-08-01 오후 3:30:32"
"갱신자","SV-2100M4"
"개정번호","0"
"측정시작 일자","2025-08-01 오후 3:12:06"
"측정종료 일자","2025-08-01 오후 3:30:03"
"","","        측정내용",""," 측정값","","   설계값","   오차"," 상한 허용차"," 하한 허용차"," 공차외값","조합결과","판정","단위","2025-08-01 오후 3:31:17","","규격","평가곡선 종류","기준길이","구간수","Lc","Ls","필터 종류:","평가길이","전예비길이","후예비길이","매끄럽게 연결","보정"
"조도해석","Roughness_1","Ra1",,"0.738",,"","","","","","","","μm","2025-08-01 오후 3:31:17","","ISO1997","R_ISO","90.0","1","8.0","0.25","가우시안","90.0","0.1","0.0","Off","Off"
"조도해석","Roughness_2","Ra1",,"0.935",,"","","","","","","","μm","2025-08-01 오후 3:31:17","","ISO1997","R_ISO","90.0","1","8.0","0.25","가우시안","90.0","0.1","0.0","Off","Off"
"조도해석","Roughness_3","Ra1",,"0.997",,"","","","","","","","μm","2025-08-01 오후 3:31:17","","ISO1997","R_ISO","90.0","1","8.0","0.25","가우시안","90.0","0.1","0.0","Off","Off"
"조도해석","Roughness_4","Ra1",,"1.053",,"","","","","","","","μm","2025-08-01 오후 3:31:17","","ISO1997","R_ISO","90.0","1","8.0","0.25","가우시안","90.0","0.1","0.0","Off","Off"
"조도해석","Roughness_5","Ra1",,"1.274",,"","","","","","","","μm","2025-08-01 오후 3:31:17","","ISO1997","R_ISO","90.0","1","8.0","0.25","가우시안","90.0","0.1","0.0","Off","Off"
"조도해석","Roughness_6","Ra1",,"1.229",,"","","","","","","","μm","2025-08-01 오후 3:31:17","","ISO1997","R_ISO","90.0","1","8.0","0.25","가우시안","90.0","0.1","0.0","Off","Off"
